"ID","pred"
8010,0.586666666666667
8011,0.756666666666667
8012,0.443333333333333
8013,0.513333333333333
8014,0.33
8015,0.44
8016,0.483333333333333
8017,0.533333333333333
8018,0.4
8019,0.523333333333333
8020,0.72
8021,0.63
8022,0.433333333333333
8023,0.51
8024,0.63
8025,0.696666666666667
8026,0.57
8027,0.636666666666667
8028,0.586666666666667
8029,0.343333333333333
8030,0.583333333333333
8031,0.506666666666667
8032,0.546666666666667
8033,0.386666666666667
8034,0.686666666666667
8035,0.516666666666667
8036,0.643333333333333
8037,0.523333333333333
8038,0.463333333333333
8039,0.33
8040,0.543333333333333
8041,0.636666666666667
8042,0.413333333333333
8043,0.45
8044,0.673333333333333
8045,0.553333333333333
8046,0.33
8047,0.336666666666667
8048,0.523333333333333
8049,0.49
8050,0.906666666666667
8051,0.313333333333333
8052,0.35
8053,0.456666666666667
8054,0.563333333333333
8055,0.336666666666667
8056,0.3
8057,0.583333333333333
8058,0.393333333333333
8059,0.56
8060,0.39
8061,0.51
8062,0.47
8063,0.48
8064,0.246666666666667
8065,0.35
8066,0.65
8067,0.413333333333333
8068,0.583333333333333
8069,0.423333333333333
8070,0.573333333333333
8071,0.493333333333333
8072,0.456666666666667
8073,0.556666666666667
8074,0.366666666666667
8075,0.416666666666667
8076,0.373333333333333
8077,0.42
8078,0.35
8079,0.38
8080,0.576666666666667
8081,0.563333333333333
8082,0.433333333333333
8083,0.386666666666667
8084,0.52
8085,0.493333333333333
8086,0.453333333333333
8087,0.616666666666667
8088,0.216666666666667
8089,0.486666666666667
8090,0.48
8091,0.546666666666667
8092,0.42
8093,0.406666666666667
8094,0.523333333333333
8095,0.44
8096,0.54
8097,0.53
8098,0.44
8099,0.566666666666667
8100,0.49
8101,0.283333333333333
8102,0.433333333333333
8103,0.493333333333333
8104,0.423333333333333
8105,0.446666666666667
8106,0.433333333333333
8107,0.553333333333333
8108,0.423333333333333
8109,0.606666666666667
8110,0.563333333333333
8111,0.29
8112,0.516666666666667
8113,0.516666666666667
8114,0.616666666666667
8115,0.5
8116,0.513333333333333
8117,0.45
8118,0.296666666666667
8119,0.41
8120,0.383333333333333
8121,0.31
8122,0.483333333333333
8123,0.5
8124,0.536666666666667
8125,0.333333333333333
8126,0.493333333333333
8127,0.386666666666667
8128,0.49
8129,0.556666666666667
8130,0.316666666666667
8131,0.453333333333333
8132,0.536666666666667
8133,0.513333333333333
8134,0.506666666666667
8135,0.34
8136,0.393333333333333
8137,0.39
8138,0.316666666666667
8139,0.586666666666667
8140,0.586666666666667
8141,0.41
8142,0.433333333333333
8143,0.583333333333333
8144,0.386666666666667
8145,0.49
8146,0.583333333333333
8147,0.6
8148,0.55
8149,0.343333333333333
8150,0.416666666666667
8151,0.433333333333333
8152,0.473333333333333
8153,0.446666666666667
8154,0.59
8155,0.476666666666667
8156,0.483333333333333
8157,0.51
8158,0.36
8159,0.563333333333333
8160,0.426666666666667
8161,0.463333333333333
8162,0.486666666666667
8163,0.46
8164,0.466666666666667
8165,0.253333333333333
8166,0.463333333333333
8167,0.38
8168,0.396666666666667
8169,0.466666666666667
8170,0.41
8171,0.36
8172,0.323333333333333
8173,0.303333333333333
8174,0.3
8175,0.343333333333333
8176,0.44
8177,0.243333333333333
8178,0.49
8179,0.526666666666667
8180,0.473333333333333
8181,0.333333333333333
8182,0.4
8183,0.303333333333333
8184,0.45
8185,0.343333333333333
8186,0.433333333333333
8187,0.416666666666667
8188,0.38
8189,0.396666666666667
8190,0.533333333333333
8191,0.496666666666667
8192,0.416666666666667
8193,0.496666666666667
8194,0.4
8195,0.61
8196,0.37
8197,0.47
8198,0.33
8199,0.576666666666667
8200,0.55
8201,0.406666666666667
8202,0.403333333333333
8203,0.376666666666667
8204,0.593333333333333
8205,0.44
8206,0.62
8207,0.366666666666667
8208,0.53
8209,0.373333333333333
8210,0.413333333333333
8211,0.406666666666667
8212,0.49
8213,0.333333333333333
8214,0.353333333333333
8215,0.38
8216,0.373333333333333
8217,0.553333333333333
8218,0.7
8219,0.386666666666667
8220,0.686666666666667
8221,0.453333333333333
8222,0.41
8223,0.383333333333333
8224,0.37
8225,0.443333333333333
8226,0.58
8227,0.506666666666667
8228,0.243333333333333
8229,0.39
8230,0.373333333333333
8231,0.476666666666667
8232,0.34
8233,0.6
8234,0.343333333333333
8235,0.503333333333333
8236,0.44
8237,0.42
8238,0.416666666666667
8239,0.596666666666667
8240,0.536666666666667
8241,0.366666666666667
8242,0.36
8243,0.406666666666667
8244,0.54
8245,0.29
8246,0.176666666666667
8247,0.55
8248,0.413333333333333
8249,0.436666666666667
8250,0.373333333333333
8251,0.23
8252,0.38
8253,0.47
8254,0.463333333333333
8255,0.383333333333333
8256,0.523333333333333
8257,0.623333333333333
8258,0.62
8259,0.543333333333333
8260,0.723333333333333
8261,0.3
8262,0.46
8263,0.616666666666667
8264,0.386666666666667
8265,0.623333333333333
8266,0.39
8267,0.66
8268,0.616666666666667
8269,0.48
8270,0.5
8271,0.606666666666667
8272,0.6
8273,0.586666666666667
8274,0.513333333333333
8275,0.27
8276,0.39
8277,0.286666666666667
8278,0.5
8279,0.57
8280,0.493333333333333
8281,0.596666666666667
8282,0.443333333333333
8283,0.616666666666667
8284,0.446666666666667
8285,0.44
8286,0.35
8287,0.56
8288,0.443333333333333
8289,0.536666666666667
8290,0.473333333333333
8291,0.446666666666667
8292,0.463333333333333
8293,0.43
8294,0.503333333333333
8295,0.343333333333333
8296,0.266666666666667
8297,0.583333333333333
8298,0.363333333333333
8299,0.42
8300,0.446666666666667
8301,0.36
8302,0.57
8303,0.526666666666667
8304,0.453333333333333
8305,0.306666666666667
8306,0.503333333333333
8307,0.446666666666667
8308,0.41
8309,0.686666666666667
8310,0.44
8311,0.446666666666667
8312,0.3
8313,0.556666666666667
8314,0.653333333333333
8315,0.47
8316,0.466666666666667
8317,0.45
8318,0.57
8319,0.42
8320,0.466666666666667
8321,0.443333333333333
8322,0.613333333333333
8323,0.523333333333333
8324,0.706666666666667
8325,0.516666666666667
8326,0.483333333333333
8327,0.54
8328,0.56
8329,0.7
8330,0.513333333333333
8331,0.313333333333333
8332,0.48
8333,0.5
8334,0.566666666666667
8335,0.433333333333333
8336,0.473333333333333
8337,0.59
8338,0.376666666666667
8339,0.51
8340,0.476666666666667
8341,0.336666666666667
8342,0.546666666666667
8343,0.496666666666667
8344,0.553333333333333
8345,0.353333333333333
8346,0.593333333333333
8347,0.563333333333333
8348,0.31
8349,0.216666666666667
8350,0.37
8351,0.4
8352,0.35
8353,0.613333333333333
8354,0.273333333333333
8355,0.25
8356,0.496666666666667
8357,0.61
8358,0.363333333333333
8359,0.48
8360,0.48
8361,0.606666666666667
8362,0.496666666666667
8363,0.37
8364,0.616666666666667
8365,0.27
8366,0.51
8367,0.363333333333333
8368,0.38
8369,0.463333333333333
8370,0.383333333333333
8371,0.526666666666667
8372,0.49
8373,0.343333333333333
8374,0.506666666666667
8375,0.386666666666667
8376,0.473333333333333
8377,0.486666666666667
8378,0.286666666666667
8379,0.636666666666667
8380,0.373333333333333
8381,0.483333333333333
8382,0.343333333333333
8383,0.406666666666667
8384,0.433333333333333
8385,0.506666666666667
8386,0.626666666666667
8387,0.52
8388,0.376666666666667
8389,0.416666666666667
8390,0.353333333333333
8391,0.376666666666667
8392,0.413333333333333
8393,0.516666666666667
8394,0.516666666666667
8395,0.376666666666667
8396,0.29
8397,0.37
8398,0.32
8399,0.606666666666667
8400,0.546666666666667
8401,0.383333333333333
8402,0.5
8403,0.4
8404,0.243333333333333
8405,0.356666666666667
8406,0.49
8407,0.466666666666667
8408,0.573333333333333
8409,0.43
8410,0.393333333333333
8411,0.583333333333333
8412,0.423333333333333
8413,0.46
8414,0.406666666666667
8415,0.42
8416,0.24
8417,0.306666666666667
8418,0.366666666666667
8419,0.416666666666667
8420,0.393333333333333
8421,0.56
8422,0.366666666666667
8423,0.486666666666667
8424,0.32
8425,0.55
8426,0.4
8427,0.413333333333333
8428,0.52
8429,0.293333333333333
8430,0.463333333333333
8431,0.42
8432,0.45
8433,0.306666666666667
8434,0.5
8435,0.266666666666667
8436,0.456666666666667
8437,0.43
8438,0.63
8439,0.413333333333333
8440,0.27
8441,0.343333333333333
8442,0.303333333333333
8443,0.546666666666667
8444,0.506666666666667
8445,0.713333333333333
8446,0.323333333333333
8447,0.366666666666667
8448,0.5
8449,0.51
8450,0.703333333333333
8451,0.616666666666667
8452,0.366666666666667
8453,0.393333333333333
8454,0.466666666666667
8455,0.286666666666667
8456,0.353333333333333
8457,0.533333333333333
8458,0.466666666666667
8459,0.383333333333333
8460,0.583333333333333
8461,0.403333333333333
8462,0.426666666666667
8463,0.323333333333333
8464,0.253333333333333
8465,0.483333333333333
8466,0.37
8467,0.483333333333333
8468,0.403333333333333
8469,0.283333333333333
8470,0.303333333333333
8471,0.313333333333333
8472,0.51
8473,0.35
8474,0.433333333333333
8475,0.366666666666667
8476,0.366666666666667
8477,0.466666666666667
8478,0.42
8479,0.456666666666667
8480,0.593333333333333
8481,0.423333333333333
8482,0.516666666666667
8483,0.47
8484,0.436666666666667
8485,0.553333333333333
8486,0.56
8487,0.323333333333333
8488,0.43
8489,0.413333333333333
8490,0.36
8491,0.36
8492,0.373333333333333
8493,0.28
8494,0.5
8495,0.543333333333333
8496,0.516666666666667
8497,0.48
8498,0.406666666666667
8499,0.546666666666667
8500,0.483333333333333
8501,0.523333333333333
8502,0.486666666666667
8503,0.49
8504,0.5
8505,0.453333333333333
8506,0.533333333333333
8507,0.306666666666667
8508,0.406666666666667
8509,0.483333333333333
8510,0.456666666666667
8511,0.616666666666667
8512,0.416666666666667
8513,0.476666666666667
8514,0.46
8515,0.406666666666667
8516,0.433333333333333
8517,0.423333333333333
8518,0.26
8519,0.54
8520,0.476666666666667
8521,0.716666666666667
8522,0.563333333333333
8523,0.436666666666667
8524,0.35
8525,0.446666666666667
8526,0.353333333333333
8527,0.4
8528,0.496666666666667
8529,0.613333333333333
8530,0.3
8531,0.45
8532,0.486666666666667
8533,0.423333333333333
8534,0.486666666666667
8535,0.21
8536,0.48
8537,0.263333333333333
8538,0.38
8539,0.53
8540,0.403333333333333
8541,0.376666666666667
8542,0.29
8543,0.493333333333333
8544,0.55
8545,0.466666666666667
8546,0.453333333333333
8547,0.416666666666667
8548,0.393333333333333
8549,0.47
8550,0.46
8551,0.586666666666667
8552,0.456666666666667
8553,0.696666666666667
8554,0.413333333333333
8555,0.613333333333333
8556,0.593333333333333
8557,0.373333333333333
8558,0.493333333333333
8559,0.393333333333333
8560,0.56
8561,0.626666666666667
8562,0.753333333333333
8563,0.42
8564,0.333333333333333
8565,0.543333333333333
8566,0.563333333333333
8567,0.516666666666667
8568,0.403333333333333
8569,0.296666666666667
8570,0.353333333333333
8571,0.386666666666667
8572,0.51
8573,0.493333333333333
8574,0.36
8575,0.37
8576,0.466666666666667
8577,0.38
8578,0.473333333333333
8579,0.436666666666667
8580,0.29
8581,0.453333333333333
8582,0.373333333333333
8583,0.53
8584,0.323333333333333
8585,0.36
8586,0.5
8587,0.536666666666667
8588,0.496666666666667
8589,0.386666666666667
8590,0.303333333333333
8591,0.35
8592,0.416666666666667
8593,0.603333333333333
8594,0.466666666666667
8595,0.483333333333333
8596,0.543333333333333
8597,0.403333333333333
8598,0.5
8599,0.356666666666667
8600,0.373333333333333
8601,0.286666666666667
8602,0.463333333333333
8603,0.613333333333333
8604,0.533333333333333
8605,0.383333333333333
8606,0.563333333333333
8607,0.663333333333333
8608,0.283333333333333
8609,0.513333333333333
8610,0.456666666666667
8611,0.463333333333333
8612,0.62
8613,0.453333333333333
8614,0.423333333333333
8615,0.613333333333333
8616,0.3
8617,0.57
8618,0.506666666666667
8619,0.646666666666667
8620,0.45
8621,0.516666666666667
8622,0.6
8623,0.403333333333333
8624,0.553333333333333
8625,0.45
8626,0.616666666666667
8627,0.48
8628,0.463333333333333
8629,0.276666666666667
8630,0.513333333333333
8631,0.586666666666667
8632,0.676666666666667
8633,0.576666666666667
8634,0.426666666666667
8635,0.48
8636,0.56
8637,0.586666666666667
8638,0.693333333333333
8639,0.686666666666667
8640,0.513333333333333
8641,0.4
8642,0.426666666666667
8643,0.496666666666667
8644,0.33
8645,0.43
8646,0.526666666666667
8647,0.316666666666667
8648,0.386666666666667
8649,0.606666666666667
8650,0.603333333333333
8651,0.6
8652,0.376666666666667
8653,0.383333333333333
8654,0.556666666666667
8655,0.69
8656,0.516666666666667
8657,0.633333333333333
8658,0.633333333333333
8659,0.233333333333333
8660,0.42
8661,0.55
8662,0.526666666666667
8663,0.646666666666667
8664,0.37
8665,0.436666666666667
8666,0.426666666666667
8667,0.526666666666667
8668,0.54
8669,0.466666666666667
8670,0.54
8671,0.446666666666667
8672,0.476666666666667
8673,0.446666666666667
8674,0.456666666666667
8675,0.27
8676,0.583333333333333
8677,0.43
8678,0.506666666666667
8679,0.55
8680,0.49
8681,0.286666666666667
8682,0.39
8683,0.346666666666667
8684,0.533333333333333
8685,0.323333333333333
8686,0.29
8687,0.363333333333333
8688,0.39
8689,0.61
8690,0.43
8691,0.393333333333333
8692,0.38
8693,0.57
8694,0.35
8695,0.426666666666667
8696,0.46
8697,0.426666666666667
8698,0.316666666666667
8699,0.503333333333333
8700,0.573333333333333
8701,0.41
8702,0.6
8703,0.516666666666667
8704,0.52
8705,0.406666666666667
8706,0.29
8707,0.576666666666667
8708,0.503333333333333
8709,0.55
8710,0.536666666666667
8711,0.406666666666667
8712,0.436666666666667
8713,0.45
8714,0.4
8715,0.423333333333333
8716,0.513333333333333
8717,0.503333333333333
8718,0.52
8719,0.313333333333333
8720,0.436666666666667
8721,0.396666666666667
8722,0.456666666666667
8723,0.31
8724,0.563333333333333
8725,0.303333333333333
8726,0.25
8727,0.37
8728,0.326666666666667
8729,0.33
8730,0.493333333333333
8731,0.583333333333333
8732,0.63
8733,0.49
8734,0.353333333333333
8735,0.366666666666667
8736,0.47
8737,0.396666666666667
8738,0.446666666666667
8739,0.493333333333333
8740,0.536666666666667
8741,0.396666666666667
8742,0.393333333333333
8743,0.433333333333333
8744,0.406666666666667
8745,0.44
8746,0.48
8747,0.543333333333333
8748,0.426666666666667
8749,0.46
8750,0.493333333333333
8751,0.46
8752,0.463333333333333
8753,0.506666666666667
8754,0.296666666666667
8755,0.536666666666667
8756,0.546666666666667
8757,0.43
8758,0.436666666666667
8759,0.476666666666667
8760,0.283333333333333
8761,0.43
8762,0.57
8763,0.393333333333333
8764,0.506666666666667
8765,0.436666666666667
8766,0.316666666666667
8767,0.55
8768,0.48
8769,0.436666666666667
8770,0.51
8771,0.5
8772,0.49
8773,0.486666666666667
8774,0.423333333333333
8775,0.316666666666667
8776,0.526666666666667
8777,0.283333333333333
8778,0.473333333333333
8779,0.43
8780,0.51
8781,0.576666666666667
8782,0.503333333333333
8783,0.456666666666667
8784,0.523333333333333
8785,0.65
8786,0.423333333333333
8787,0.293333333333333
8788,0.463333333333333
8789,0.403333333333333
8790,0.49
8791,0.45
8792,0.486666666666667
8793,0.426666666666667
8794,0.346666666666667
8795,0.523333333333333
8796,0.533333333333333
8797,0.363333333333333
8798,0.433333333333333
8799,0.576666666666667
8800,0.433333333333333
8801,0.4
8802,0.323333333333333
8803,0.393333333333333
8804,0.26
8805,0.51
8806,0.51
8807,0.626666666666667
8808,0.596666666666667
8809,0.463333333333333
8810,0.383333333333333
8811,0.4
8812,0.293333333333333
8813,0.503333333333333
8814,0.61
8815,0.276666666666667
8816,0.37
8817,0.4
8818,0.586666666666667
8819,0.526666666666667
8820,0.603333333333333
8821,0.27
8822,0.576666666666667
8823,0.473333333333333
8824,0.373333333333333
8825,0.623333333333333
8826,0.566666666666667
8827,0.573333333333333
8828,0.486666666666667
8829,0.666666666666667
8830,0.733333333333333
8831,0.603333333333333
8832,0.556666666666667
8833,0.463333333333333
8834,0.46
8835,0.623333333333333
8836,0.64
8837,0.633333333333333
8838,0.583333333333333
8839,0.413333333333333
8840,0.48
8841,0.653333333333333
8842,0.443333333333333
8843,0.336666666666667
8844,0.593333333333333
8845,0.613333333333333
8846,0.32
8847,0.416666666666667
8848,0.626666666666667
8849,0.466666666666667
8850,0.48
8851,0.483333333333333
8852,0.303333333333333
8853,0.483333333333333
8854,0.576666666666667
8855,0.28
8856,0.593333333333333
8857,0.473333333333333
8858,0.56
8859,0.403333333333333
8860,0.626666666666667
8861,0.28
8862,0.606666666666667
8863,0.29
8864,0.446666666666667
8865,0.45
8866,0.57
8867,0.656666666666667
8868,0.606666666666667
8869,0.503333333333333
8870,0.603333333333333
8871,0.433333333333333
8872,0.516666666666667
8873,0.623333333333333
8874,0.39
8875,0.626666666666667
8876,0.81
8877,0.59
8878,0.603333333333333
8879,0.536666666666667
8880,0.346666666666667
8881,0.446666666666667
8882,0.423333333333333
8883,0.373333333333333
8884,0.456666666666667
8885,0.506666666666667
8886,0.47
8887,0.383333333333333
8888,0.64
8889,0.383333333333333
8890,0.416666666666667
8891,0.566666666666667
8892,0.5
8893,0.51
8894,0.516666666666667
8895,0.36
8896,0.636666666666667
8897,0.39
8898,0.476666666666667
8899,0.42
8900,0.333333333333333
8901,0.423333333333333
8902,0.513333333333333
8903,0.47
8904,0.683333333333333
8905,0.523333333333333
8906,0.49
8907,0.533333333333333
8908,0.506666666666667
8909,0.326666666666667
8910,0.36
8911,0.54
8912,0.456666666666667
8913,0.556666666666667
8914,0.34
8915,0.483333333333333
8916,0.566666666666667
8917,0.516666666666667
8918,0.283333333333333
8919,0.65
8920,0.563333333333333
8921,0.366666666666667
8922,0.37
8923,0.45
8924,0.186666666666667
8925,0.436666666666667
8926,0.566666666666667
8927,0.576666666666667
8928,0.933333333333333
8929,0.533333333333333
8930,0.46
8931,0.553333333333333
8932,0.59
8933,0.25
8934,0.886666666666667
8935,0.69
8936,0.583333333333333
8937,0.53
8938,0.57
8939,0.703333333333333
8940,0.396666666666667
8941,0.43
8942,0.44
8943,0.406666666666667
8944,0.44
8945,0.563333333333333
8946,0.453333333333333
8947,0.393333333333333
8948,0.336666666666667
8949,0.363333333333333
8950,0.503333333333333
8951,0.356666666666667
8952,0.526666666666667
8953,0.566666666666667
8954,0.283333333333333
8955,0.43
8956,0.483333333333333
8957,0.393333333333333
8958,0.34
8959,0.38
8960,0.466666666666667
8961,0.556666666666667
8962,0.436666666666667
8963,0.44
8964,0.333333333333333
8965,0.373333333333333
8966,0.3
8967,0.513333333333333
8968,0.266666666666667
8969,0.363333333333333
8970,0.446666666666667
8971,0.286666666666667
8972,0.493333333333333
8973,0.373333333333333
8974,0.386666666666667
8975,0.426666666666667
8976,0.456666666666667
8977,0.496666666666667
8978,0.436666666666667
8979,0.533333333333333
8980,0.45
8981,0.553333333333333
8982,0.373333333333333
8983,0.516666666666667
8984,0.483333333333333
8985,0.346666666666667
8986,0.376666666666667
8987,0.403333333333333
8988,0.203333333333333
8989,0.546666666666667
8990,0.313333333333333
8991,0.3
8992,0.506666666666667
8993,0.496666666666667
8994,0.51
8995,0.433333333333333
8996,0.53
8997,0.466666666666667
8998,0.246666666666667
8999,0.39
9000,0.366666666666667
9001,0.563333333333333
9002,0.453333333333333
9003,0.396666666666667
9004,0.49
9005,0.253333333333333
9006,0.676666666666667
9007,0.423333333333333
9008,0.583333333333333
9009,0.316666666666667
9010,0.383333333333333
9011,0.35
9012,0.576666666666667
9013,0.533333333333333
9014,0.716666666666667
9015,0.466666666666667
9016,0.563333333333333
9017,0.536666666666667
9018,0.466666666666667
9019,0.37
9020,0.57
9021,0.343333333333333
9022,0.396666666666667
9023,0.386666666666667
9024,0.376666666666667
9025,0.54
9026,0.433333333333333
9027,0.506666666666667
9028,0.426666666666667
9029,0.41
9030,0.516666666666667
9031,0.436666666666667
9032,0.556666666666667
9033,0.52
9034,0.383333333333333
9035,0.453333333333333
9036,0.616666666666667
9037,0.403333333333333
9038,0.44
9039,0.483333333333333
9040,0.61
9041,0.513333333333333
9042,0.47
9043,0.51
9044,0.446666666666667
9045,0.55
9046,0.433333333333333
9047,0.403333333333333
9048,0.346666666666667
9049,0.576666666666667
9050,0.48
9051,0.35
9052,0.356666666666667
9053,0.453333333333333
9054,0.466666666666667
9055,0.473333333333333
9056,0.45
9057,0.393333333333333
9058,0.46
9059,0.536666666666667
9060,0.346666666666667
9061,0.48
9062,0.486666666666667
9063,0.393333333333333
9064,0.41
9065,0.443333333333333
9066,0.51
9067,0.616666666666667
9068,0.423333333333333
9069,0.39
9070,0.443333333333333
9071,0.406666666666667
9072,0.356666666666667
9073,0.446666666666667
9074,0.58
9075,0.503333333333333
9076,0.65
9077,0.38
9078,0.6
9079,0.42
9080,0.423333333333333
9081,0.526666666666667
9082,0.426666666666667
9083,0.44
9084,0.363333333333333
9085,0.283333333333333
9086,0.643333333333333
9087,0.413333333333333
9088,0.54
9089,0.353333333333333
9090,0.413333333333333
9091,0.513333333333333
9092,0.53
9093,0.423333333333333
9094,0.603333333333333
9095,0.3
9096,0.616666666666667
9097,0.656666666666667
9098,0.42
9099,0.57
9100,0.6
9101,0.513333333333333
9102,0.536666666666667
9103,0.733333333333333
9104,0.393333333333333
9105,0.476666666666667
9106,0.456666666666667
9107,0.633333333333333
9108,0.493333333333333
9109,0.35
9110,0.36
9111,0.44
9112,0.313333333333333
9113,0.303333333333333
9114,0.743333333333333
9115,0.486666666666667
9116,0.596666666666667
9117,0.563333333333333
9118,0.433333333333333
9119,0.346666666666667
9120,0.45
9121,0.31
9122,0.443333333333333
9123,0.463333333333333
9124,0.476666666666667
9125,0.61
9126,0.26
9127,0.393333333333333
9128,0.54
9129,0.433333333333333
9130,0.426666666666667
9131,0.366666666666667
9132,0.38
9133,0.44
9134,0.453333333333333
9135,0.596666666666667
9136,0.33
9137,0.433333333333333
9138,0.506666666666667
9139,0.516666666666667
9140,0.763333333333333
9141,0.443333333333333
9142,0.52
9143,0.673333333333333
9144,0.873333333333333
9145,0.503333333333333
9146,0.353333333333333
9147,0.76
9148,0.453333333333333
9149,0.86
9150,0.4
9151,0.393333333333333
9152,0.463333333333333
9153,0.506666666666667
9154,0.57
9155,0.473333333333333
9156,0.563333333333333
9157,0.523333333333333
9158,0.713333333333333
9159,0.343333333333333
9160,0.413333333333333
9161,0.633333333333333
9162,0.55
9163,0.583333333333333
9164,0.486666666666667
9165,0.443333333333333
9166,0.463333333333333
9167,0.65
9168,0.693333333333333
9169,0.623333333333333
9170,0.35
9171,0.513333333333333
9172,0.236666666666667
9173,0.41
9174,0.306666666666667
9175,0.46
9176,0.496666666666667
9177,0.313333333333333
9178,0.96
9179,0.543333333333333
9180,0.573333333333333
9181,0.443333333333333
9182,0.45
9183,0.606666666666667
9184,0.386666666666667
9185,0.633333333333333
9186,0.4
9187,0.516666666666667
9188,0.35
9189,0.383333333333333
9190,0.513333333333333
9191,0.486666666666667
9192,0.35
9193,0.5
9194,0.4
9195,0.41
9196,0.463333333333333
9197,0.453333333333333
9198,0.503333333333333
9199,0.346666666666667
9200,0.443333333333333
9201,0.436666666666667
9202,0.36
9203,0.406666666666667
9204,0.386666666666667
9205,0.386666666666667
9206,0.536666666666667
9207,0.683333333333333
9208,0.39
9209,0.493333333333333
9210,0.413333333333333
9211,0.456666666666667
9212,0.283333333333333
9213,0.426666666666667
9214,0.573333333333333
9215,0.383333333333333
9216,0.533333333333333
9217,0.393333333333333
9218,0.496666666666667
9219,0.35
9220,0.426666666666667
9221,0.543333333333333
9222,0.576666666666667
9223,0.47
9224,0.493333333333333
9225,0.42
9226,0.49
9227,0.58
9228,0.39
9229,0.433333333333333
9230,0.596666666666667
9231,0.396666666666667
9232,0.53
9233,0.573333333333333
9234,0.463333333333333
9235,0.49
9236,0.543333333333333
9237,0.363333333333333
9238,0.446666666666667
9239,0.483333333333333
9240,0.33
9241,0.486666666666667
9242,0.49
9243,0.42
9244,0.423333333333333
9245,0.393333333333333
9246,0.623333333333333
9247,0.466666666666667
9248,0.506666666666667
9249,0.333333333333333
9250,0.62
9251,0.34
9252,0.63
9253,0.403333333333333
9254,0.4
9255,0.476666666666667
9256,0.323333333333333
9257,0.473333333333333
9258,0.48
9259,0.41
9260,0.423333333333333
9261,0.523333333333333
9262,0.516666666666667
9263,0.496666666666667
9264,0.296666666666667
9265,0.47
9266,0.39
9267,0.433333333333333
9268,0.456666666666667
9269,0.566666666666667
9270,0.47
9271,0.38
9272,0.36
9273,0.366666666666667
9274,0.303333333333333
9275,0.456666666666667
9276,0.44
9277,0.536666666666667
9278,0.446666666666667
9279,0.363333333333333
9280,0.33
9281,0.71
9282,0.333333333333333
9283,0.3
9284,0.483333333333333
9285,0.483333333333333
9286,0.563333333333333
9287,0.533333333333333
9288,0.42
9289,0.57
9290,0.656666666666667
9291,0.483333333333333
9292,0.36
9293,0.236666666666667
9294,0.543333333333333
9295,0.246666666666667
9296,0.653333333333333
9297,0.466666666666667
9298,0.376666666666667
9299,0.39
9300,0.35
9301,0.363333333333333
9302,0.28
9303,0.47
9304,0.56
9305,0.5
9306,0.36
9307,0.476666666666667
9308,0.536666666666667
9309,0.39
9310,0.356666666666667
9311,0.306666666666667
9312,0.516666666666667
9313,0.496666666666667
9314,0.36
9315,0.59
9316,0.52
9317,0.37
9318,0.55
9319,0.496666666666667
9320,0.303333333333333
9321,0.363333333333333
9322,0.293333333333333
9323,0.576666666666667
9324,0.52
9325,0.396666666666667
9326,0.5
9327,0.563333333333333
9328,0.443333333333333
9329,0.48
9330,0.55
9331,0.626666666666667
9332,0.41
9333,0.543333333333333
9334,0.393333333333333
9335,0.416666666666667
9336,0.486666666666667
9337,0.496666666666667
9338,0.53
9339,0.396666666666667
9340,0.33
9341,0.386666666666667
9342,0.436666666666667
9343,0.45
9344,0.253333333333333
9345,0.46
9346,0.386666666666667
9347,0.426666666666667
9348,0.353333333333333
9349,0.33
9350,0.48
9351,0.33
9352,0.626666666666667
9353,0.596666666666667
9354,0.36
9355,0.58
9356,0.72
9357,0.423333333333333
9358,0.366666666666667
9359,0.45
9360,0.34
9361,0.593333333333333
9362,0.68
9363,0.516666666666667
9364,0.493333333333333
9365,0.496666666666667
9366,0.473333333333333
9367,0.48
9368,0.556666666666667
9369,0.536666666666667
9370,0.483333333333333
9371,0.423333333333333
9372,0.413333333333333
9373,0.5
9374,0.296666666666667
9375,0.346666666666667
9376,0.44
9377,0.31
9378,0.53
9379,0.526666666666667
9380,0.42
9381,0.373333333333333
9382,0.46
9383,0.29
9384,0.476666666666667
9385,0.283333333333333
9386,0.316666666666667
9387,0.666666666666667
9388,0.38
9389,0.453333333333333
9390,0.36
9391,0.306666666666667
9392,0.383333333333333
9393,0.396666666666667
9394,0.523333333333333
9395,0.346666666666667
9396,0.466666666666667
9397,0.666666666666667
9398,0.543333333333333
9399,0.453333333333333
9400,0.5
9401,0.603333333333333
9402,0.62
9403,0.576666666666667
9404,0.65
9405,0.32
9406,0.496666666666667
9407,0.503333333333333
9408,0.603333333333333
9409,0.553333333333333
9410,0.543333333333333
9411,0.536666666666667
9412,0.523333333333333
9413,0.36
9414,0.713333333333333
9415,0.563333333333333
9416,0.413333333333333
9417,0.49
9418,0.516666666666667
9419,0.52
9420,0.443333333333333
9421,0.533333333333333
9422,0.736666666666667
9423,0.613333333333333
9424,0.696666666666667
9425,0.636666666666667
9426,0.59
9427,0.436666666666667
9428,0.41
9429,0.633333333333333
9430,0.386666666666667
9431,0.48
9432,0.536666666666667
9433,0.506666666666667
9434,0.543333333333333
9435,0.776666666666667
9436,0.34
9437,0.473333333333333
9438,0.676666666666667
9439,0.626666666666667
9440,0.58
9441,0.366666666666667
9442,0.543333333333333
9443,0.596666666666667
9444,0.626666666666667
9445,0.416666666666667
9446,0.456666666666667
9447,0.346666666666667
9448,0.373333333333333
9449,0.463333333333333
9450,0.466666666666667
9451,0.683333333333333
9452,0.553333333333333
9453,0.49
9454,0.436666666666667
9455,0.47
9456,0.523333333333333
9457,0.583333333333333
9458,0.453333333333333
9459,0.36
9460,0.446666666666667
9461,0.396666666666667
9462,0.376666666666667
9463,0.446666666666667
9464,0.393333333333333
9465,0.536666666666667
9466,0.57
9467,0.37
9468,0.38
9469,0.563333333333333
9470,0.593333333333333
9471,0.6
9472,0.343333333333333
9473,0.27
9474,0.346666666666667
9475,0.366666666666667
9476,0.466666666666667
9477,0.34
9478,0.47
9479,0.413333333333333
9480,0.323333333333333
9481,0.49
9482,0.406666666666667
9483,0.406666666666667
9484,0.576666666666667
9485,0.493333333333333
9486,0.326666666666667
9487,0.316666666666667
9488,0.46
9489,0.446666666666667
9490,0.506666666666667
9491,0.226666666666667
9492,0.22
9493,0.306666666666667
9494,0.313333333333333
9495,0.45
9496,0.42
9497,0.506666666666667
9498,0.236666666666667
9499,0.58
9500,0.516666666666667
9501,0.343333333333333
9502,0.296666666666667
9503,0.426666666666667
9504,0.306666666666667
9505,0.596666666666667
9506,0.466666666666667
9507,0.33
9508,0.483333333333333
9509,0.316666666666667
9510,0.296666666666667
9511,0.296666666666667
9512,0.47
9513,0.373333333333333
9514,0.463333333333333
9515,0.43
9516,0.423333333333333
9517,0.483333333333333
9518,0.31
9519,0.483333333333333
9520,0.213333333333333
9521,0.263333333333333
9522,0.41
9523,0.413333333333333
9524,0.436666666666667
9525,0.446666666666667
9526,0.463333333333333
9527,0.42
9528,0.48
9529,0.64
9530,0.663333333333333
9531,0.416666666666667
9532,0.35
9533,0.41
9534,0.626666666666667
9535,0.47
9536,0.373333333333333
9537,0.256666666666667
9538,0.463333333333333
9539,0.326666666666667
9540,0.556666666666667
9541,0.443333333333333
9542,0.543333333333333
9543,0.566666666666667
9544,0.256666666666667
9545,0.396666666666667
9546,0.566666666666667
9547,0.35
9548,0.52
9549,0.496666666666667
9550,0.393333333333333
9551,0.383333333333333
9552,0.476666666666667
9553,0.433333333333333
9554,0.206666666666667
9555,0.273333333333333
9556,0.326666666666667
9557,0.68
9558,0.736666666666667
9559,0.61
9560,0.333333333333333
9561,0.426666666666667
9562,0.253333333333333
9563,0.443333333333333
9564,0.393333333333333
9565,0.33
9566,0.52
9567,0.34
9568,0.47
9569,0.356666666666667
9570,0.493333333333333
9571,0.666666666666667
9572,0.506666666666667
9573,0.573333333333333
9574,0.326666666666667
9575,0.506666666666667
9576,0.583333333333333
9577,0.573333333333333
9578,0.326666666666667
9579,0.546666666666667
9580,0.503333333333333
9581,0.546666666666667
9582,0.48
9583,0.34
9584,0.446666666666667
9585,0.493333333333333
9586,0.54
9587,0.596666666666667
9588,0.383333333333333
9589,0.396666666666667
9590,0.533333333333333
9591,0.456666666666667
9592,0.626666666666667
9593,0.3
9594,0.49
9595,0.436666666666667
9596,0.306666666666667
9597,0.57
9598,0.453333333333333
9599,0.626666666666667
9600,0.39
9601,0.506666666666667
9602,0.253333333333333
9603,0.386666666666667
9604,0.65
9605,0.53
9606,0.4
9607,0.62
9608,0.4
9609,0.58
9610,0.663333333333333
9611,0.313333333333333
9612,0.453333333333333
9613,0.483333333333333
9614,0.293333333333333
9615,0.35
9616,0.536666666666667
9617,0.27
9618,0.586666666666667
9619,0.383333333333333
9620,0.59
9621,0.326666666666667
9622,0.426666666666667
9623,0.453333333333333
9624,0.293333333333333
9625,0.553333333333333
9626,0.533333333333333
9627,0.43
9628,0.606666666666667
9629,0.423333333333333
9630,0.473333333333333
9631,0.283333333333333
9632,0.64
9633,0.893333333333333
9634,0.68
9635,0.546666666666667
9636,0.496666666666667
9637,0.68
9638,0.446666666666667
9639,0.396666666666667
9640,0.593333333333333
9641,0.676666666666667
9642,0.47
9643,0.53
9644,0.43
9645,0.41
9646,0.44
9647,0.49
9648,0.433333333333333
9649,0.716666666666667
9650,0.666666666666667
9651,0.476666666666667
9652,0.57
9653,0.41
9654,0.606666666666667
9655,0.53
9656,0.776666666666667
9657,0.47
9658,0.366666666666667
9659,0.536666666666667
9660,0.67
9661,0.596666666666667
9662,0.453333333333333
9663,0.366666666666667
9664,0.93
9665,0.636666666666667
9666,0.576666666666667
9667,0.603333333333333
9668,0.366666666666667
9669,0.466666666666667
9670,0.603333333333333
9671,0.5
9672,0.273333333333333
9673,0.42
9674,0.736666666666667
9675,0.463333333333333
9676,0.6
9677,0.476666666666667
9678,0.446666666666667
9679,0.66
9680,0.653333333333333
9681,0.523333333333333
9682,0.583333333333333
9683,0.553333333333333
9684,0.453333333333333
9685,0.24
9686,0.676666666666667
9687,0.673333333333333
9688,0.613333333333333
9689,0.286666666666667
9690,0.413333333333333
9691,0.653333333333333
9692,0.583333333333333
9693,0.473333333333333
9694,0.563333333333333
9695,0.34
9696,0.386666666666667
9697,0.683333333333333
9698,0.503333333333333
9699,0.6
9700,0.276666666666667
9701,0.413333333333333
9702,0.426666666666667
9703,0.586666666666667
9704,0.566666666666667
9705,0.453333333333333
9706,0.316666666666667
9707,0.42
9708,0.486666666666667
9709,0.48
9710,0.48
9711,0.42
9712,0.603333333333333
9713,0.363333333333333
9714,0.47
9715,0.49
9716,0.62
9717,0.253333333333333
9718,0.52
9719,0.31
9720,0.476666666666667
9721,0.33
9722,0.443333333333333
9723,0.49
9724,0.303333333333333
9725,0.473333333333333
9726,0.473333333333333
9727,0.506666666666667
9728,0.446666666666667
9729,0.47
9730,0.386666666666667
9731,0.353333333333333
9732,0.433333333333333
9733,0.46
9734,0.476666666666667
9735,0.443333333333333
9736,0.613333333333333
9737,0.496666666666667
9738,0.416666666666667
9739,0.366666666666667
9740,0.396666666666667
9741,0.366666666666667
9742,0.363333333333333
9743,0.343333333333333
9744,0.503333333333333
9745,0.593333333333333
9746,0.36
9747,0.273333333333333
9748,0.4
9749,0.333333333333333
9750,0.553333333333333
9751,0.503333333333333
9752,0.316666666666667
9753,0.416666666666667
9754,0.473333333333333
9755,0.393333333333333
9756,0.493333333333333
9757,0.333333333333333
9758,0.563333333333333
9759,0.443333333333333
9760,0.39
9761,0.553333333333333
9762,0.37
9763,0.363333333333333
9764,0.493333333333333
9765,0.34
9766,0.4
9767,0.37
9768,0.423333333333333
9769,0.586666666666667
9770,0.45
9771,0.476666666666667
9772,0.423333333333333
9773,0.41
9774,0.543333333333333
9775,0.46
9776,0.39
9777,0.506666666666667
9778,0.41
9779,0.383333333333333
9780,0.486666666666667
9781,0.546666666666667
9782,0.423333333333333
9783,0.326666666666667
9784,0.363333333333333
9785,0.613333333333333
9786,0.186666666666667
9787,0.456666666666667
9788,0.27
9789,0.356666666666667
9790,0.343333333333333
9791,0.463333333333333
9792,0.373333333333333
9793,0.523333333333333
9794,0.426666666666667
9795,0.273333333333333
9796,0.493333333333333
9797,0.366666666666667
9798,0.403333333333333
9799,0.576666666666667
9800,0.54
9801,0.436666666666667
9802,0.396666666666667
9803,0.62
9804,0.433333333333333
9805,0.42
9806,0.326666666666667
9807,0.49
9808,0.41
9809,0.57
9810,0.446666666666667
9811,0.723333333333333
9812,0.486666666666667
9813,0.33
9814,0.383333333333333
9815,0.45
9816,0.443333333333333
9817,0.393333333333333
9818,0.706666666666667
9819,0.376666666666667
9820,0.32
9821,0.423333333333333
9822,0.23
9823,0.436666666666667
9824,0.596666666666667
9825,0.38
9826,0.42
9827,0.423333333333333
9828,0.51
9829,0.463333333333333
9830,0.663333333333333
9831,0.326666666666667
9832,0.33
9833,0.486666666666667
9834,0.66
9835,0.45
9836,0.553333333333333
9837,0.433333333333333
9838,0.496666666666667
9839,0.42
9840,0.46
9841,0.33
9842,0.66
9843,0.383333333333333
9844,0.536666666666667
9845,0.42
9846,0.326666666666667
9847,0.476666666666667
9848,0.32
9849,0.453333333333333
9850,0.543333333333333
9851,0.473333333333333
9852,0.296666666666667
9853,0.49
9854,0.55
9855,0.39
9856,0.523333333333333
9857,0.306666666666667
9858,0.463333333333333
9859,0.413333333333333
9860,0.383333333333333
9861,0.41
9862,0.346666666666667
9863,0.443333333333333
9864,0.45
9865,0.483333333333333
9866,0.5
9867,0.513333333333333
9868,0.553333333333333
9869,0.363333333333333
9870,0.446666666666667
9871,0.46
9872,0.46
9873,0.243333333333333
9874,0.433333333333333
9875,0.446666666666667
9876,0.403333333333333
9877,0.513333333333333
9878,0.32
9879,0.513333333333333
9880,0.563333333333333
9881,0.526666666666667
9882,0.39
9883,0.606666666666667
9884,0.35
9885,0.56
9886,0.383333333333333
9887,0.25
9888,0.66
9889,0.49
9890,0.52
9891,0.433333333333333
9892,0.633333333333333
9893,0.373333333333333
9894,0.473333333333333
9895,0.32
9896,0.27
9897,0.41
9898,0.506666666666667
9899,0.406666666666667
9900,0.463333333333333
9901,0.44
9902,0.486666666666667
9903,0.313333333333333
9904,0.406666666666667
9905,0.496666666666667
9906,0.403333333333333
9907,0.42
9908,0.53
9909,0.633333333333333
9910,0.253333333333333
9911,0.48
9912,0.433333333333333
9913,0.413333333333333
9914,0.48
9915,0.64
9916,0.53
9917,0.24
9918,0.646666666666667
9919,0.696666666666667
9920,0.476666666666667
9921,0.256666666666667
9922,0.433333333333333
9923,0.61
9924,0.516666666666667
9925,0.29
9926,0.4
9927,0.463333333333333
9928,0.52
9929,0.56
9930,0.576666666666667
9931,0.606666666666667
9932,0.68
9933,0.536666666666667
9934,0.636666666666667
9935,0.443333333333333
9936,0.503333333333333
9937,0.553333333333333
9938,0.34
9939,0.556666666666667
9940,0.55
9941,0.423333333333333
9942,0.516666666666667
9943,0.49
9944,0.426666666666667
9945,0.493333333333333
9946,0.733333333333333
9947,0.696666666666667
9948,0.43
9949,0.623333333333333
9950,0.413333333333333
9951,0.656666666666667
9952,0.46
9953,0.586666666666667
9954,0.563333333333333
9955,0.29
9956,0.603333333333333
9957,0.49
9958,0.65
9959,0.716666666666667
9960,0.443333333333333
9961,0.443333333333333
9962,0.61
9963,0.496666666666667
9964,0.49
9965,0.713333333333333
9966,0.49
9967,0.533333333333333
9968,0.423333333333333
9969,0.33
9970,0.35
9971,0.46
9972,0.446666666666667
9973,0.34
9974,0.543333333333333
9975,0.546666666666667
9976,0.376666666666667
9977,0.33
9978,0.22
9979,0.45
9980,0.296666666666667
9981,0.423333333333333
9982,0.416666666666667
9983,0.486666666666667
9984,0.493333333333333
9985,0.56
9986,0.526666666666667
9987,0.5
9988,0.47
9989,0.326666666666667
9990,0.423333333333333
9991,0.443333333333333
9992,0.373333333333333
9993,0.533333333333333
9994,0.606666666666667
9995,0.406666666666667
9996,0.416666666666667
9997,0.456666666666667
9998,0.426666666666667
9999,0.543333333333333
10000,0.376666666666667
10001,0.606666666666667
10002,0.506666666666667
10003,0.44
10004,0.5
10005,0.43
10006,0.603333333333333
10007,0.586666666666667
10008,0.386666666666667
10009,0.41
10010,0.43
10011,0.486666666666667
10012,0.44
10013,0.47
10014,0.473333333333333
10015,0.346666666666667
10016,0.626666666666667
10017,0.423333333333333
10018,0.513333333333333
10019,0.633333333333333
10020,0.506666666666667
10021,0.393333333333333
10022,0.5
10023,0.46
10024,0.413333333333333
10025,0.606666666666667
10026,0.416666666666667
10027,0.456666666666667
10028,0.546666666666667
10029,0.51
10030,0.31
10031,0.286666666666667
10032,0.343333333333333
10033,0.343333333333333
10034,0.403333333333333
10035,0.476666666666667
10036,0.696666666666667
10037,0.423333333333333
10038,0.55
10039,0.423333333333333
10040,0.506666666666667
10041,0.43
10042,0.286666666666667
10043,0.456666666666667
10044,0.473333333333333
10045,0.576666666666667
10046,0.276666666666667
10047,0.51
10048,0.44
10049,0.423333333333333
10050,0.58
10051,0.39
10052,0.536666666666667
10053,0.213333333333333
10054,0.553333333333333
10055,0.406666666666667
10056,0.553333333333333
10057,0.486666666666667
10058,0.186666666666667
10059,0.366666666666667
10060,0.486666666666667
10061,0.423333333333333
10062,0.456666666666667
10063,0.436666666666667
10064,0.61
10065,0.34
10066,0.383333333333333
10067,0.486666666666667
10068,0.496666666666667
10069,0.61
10070,0.52
10071,0.416666666666667
10072,0.413333333333333
10073,0.463333333333333
10074,0.306666666666667
10075,0.393333333333333
10076,0.51
10077,0.5
10078,0.38
10079,0.53
10080,0.633333333333333
10081,0.523333333333333
10082,0.333333333333333
10083,0.533333333333333
10084,0.46
10085,0.576666666666667
10086,0.43
10087,0.44
10088,0.373333333333333
10089,0.543333333333333
10090,0.393333333333333
10091,0.486666666666667
10092,0.52
10093,0.4
10094,0.44
10095,0.603333333333333
10096,0.486666666666667
10097,0.266666666666667
10098,0.533333333333333
10099,0.396666666666667
10100,0.403333333333333
10101,0.43
10102,0.333333333333333
10103,0.32
10104,0.333333333333333
10105,0.456666666666667
10106,0.69
10107,0.433333333333333
10108,0.353333333333333
10109,0.433333333333333
10110,0.603333333333333
10111,0.593333333333333
10112,0.556666666666667
10113,0.44
10114,0.48
10115,0.393333333333333
10116,0.4
10117,0.323333333333333
10118,0.37
10119,0.21
10120,0.513333333333333
10121,0.403333333333333
10122,0.48
10123,0.46
10124,0.6
10125,0.453333333333333
10126,0.273333333333333
10127,0.53
10128,0.326666666666667
10129,0.47
10130,0.54
10131,0.52
10132,0.6
10133,0.47
10134,0.246666666666667
10135,0.423333333333333
10136,0.62
10137,0.353333333333333
10138,0.42
10139,0.33
10140,0.396666666666667
10141,0.62
10142,0.356666666666667
10143,0.55
10144,0.493333333333333
10145,0.383333333333333
10146,0.47
10147,0.356666666666667
10148,0.333333333333333
10149,0.383333333333333
10150,0.386666666666667
10151,0.61
10152,0.543333333333333
10153,0.383333333333333
10154,0.613333333333333
10155,0.42
10156,0.506666666666667
10157,0.47
10158,0.59
10159,0.513333333333333
10160,0.413333333333333
10161,0.516666666666667
10162,0.38
10163,0.376666666666667
10164,0.423333333333333
10165,0.403333333333333
10166,0.53
10167,0.45
10168,0.486666666666667
10169,0.296666666666667
10170,0.586666666666667
10171,0.343333333333333
10172,0.406666666666667
10173,0.656666666666667
10174,0.266666666666667
10175,0.46
10176,0.246666666666667
10177,0.43
10178,0.47
10179,0.616666666666667
10180,0.513333333333333
10181,0.52
10182,0.363333333333333
10183,0.516666666666667
10184,0.546666666666667
10185,0.523333333333333
10186,0.516666666666667
10187,0.483333333333333
10188,0.636666666666667
10189,0.546666666666667
10190,0.57
10191,0.363333333333333
10192,0.343333333333333
10193,0.58
10194,0.643333333333333
10195,0.53
10196,0.506666666666667
10197,0.423333333333333
10198,0.573333333333333
10199,0.523333333333333
10200,0.426666666666667
10201,0.576666666666667
10202,0.43
10203,0.52
10204,0.466666666666667
10205,0.653333333333333
10206,0.443333333333333
10207,0.623333333333333
10208,0.666666666666667
10209,0.63
10210,0.683333333333333
10211,0.646666666666667
10212,0.183333333333333
10213,0.52
10214,0.49
10215,0.446666666666667
10216,0.53
10217,0.516666666666667
10218,0.453333333333333
10219,0.57
10220,0.48
10221,0.386666666666667
10222,0.603333333333333
10223,0.523333333333333
10224,0.513333333333333
10225,0.616666666666667
10226,0.626666666666667
10227,0.483333333333333
10228,0.4
10229,0.676666666666667
10230,0.376666666666667
10231,0.36
10232,0.343333333333333
10233,0.356666666666667
10234,0.353333333333333
10235,0.413333333333333
10236,0.45
10237,0.556666666666667
10238,0.213333333333333
10239,0.52
10240,0.36
10241,0.43
10242,0.523333333333333
10243,0.493333333333333
10244,0.37
10245,0.58
10246,0.453333333333333
10247,0.436666666666667
10248,0.453333333333333
10249,0.583333333333333
10250,0.376666666666667
10251,0.396666666666667
10252,0.473333333333333
10253,0.396666666666667
10254,0.426666666666667
10255,0.456666666666667
10256,0.48
10257,0.42
10258,0.496666666666667
10259,0.53
10260,0.45
10261,0.59
10262,0.32
10263,0.53
10264,0.45
10265,0.38
10266,0.57
10267,0.503333333333333
10268,0.45
10269,0.45
10270,0.453333333333333
10271,0.436666666666667
10272,0.543333333333333
10273,0.516666666666667
10274,0.443333333333333
10275,0.33
10276,0.316666666666667
10277,0.53
10278,0.5
10279,0.596666666666667
10280,0.373333333333333
10281,0.6
10282,0.5
10283,0.526666666666667
10284,0.383333333333333
10285,0.273333333333333
10286,0.583333333333333
10287,0.373333333333333
10288,0.443333333333333
10289,0.5
10290,0.38
10291,0.57
10292,0.38
10293,0.383333333333333
10294,0.413333333333333
10295,0.52
10296,0.553333333333333
10297,0.52
10298,0.396666666666667
10299,0.556666666666667
10300,0.393333333333333
10301,0.34
10302,0.43
10303,0.376666666666667
10304,0.46
10305,0.546666666666667
10306,0.48
10307,0.313333333333333
10308,0.376666666666667
10309,0.43
10310,0.336666666666667
10311,0.473333333333333
10312,0.166666666666667
10313,0.52
10314,0.5
10315,0.323333333333333
10316,0.42
10317,0.49
10318,0.736666666666667
10319,0.38
10320,0.58
10321,0.62
10322,0.39
10323,0.45
10324,0.53
10325,0.306666666666667
10326,0.493333333333333
10327,0.2
10328,0.263333333333333
10329,0.373333333333333
10330,0.423333333333333
10331,0.346666666666667
10332,0.46
10333,0.273333333333333
10334,0.41
10335,0.476666666666667
10336,0.393333333333333
10337,0.426666666666667
10338,0.523333333333333
10339,0.6
10340,0.386666666666667
10341,0.473333333333333
10342,0.44
10343,0.36
10344,0.436666666666667
10345,0.43
10346,0.563333333333333
10347,0.41
10348,0.63
10349,0.35
10350,0.396666666666667
10351,0.61
10352,0.43
10353,0.413333333333333
10354,0.423333333333333
10355,0.423333333333333
10356,0.38
10357,0.58
10358,0.393333333333333
10359,0.37
10360,0.366666666666667
10361,0.516666666666667
10362,0.506666666666667
10363,0.7
10364,0.343333333333333
10365,0.413333333333333
10366,0.41
10367,0.463333333333333
10368,0.6
10369,0.386666666666667
10370,0.413333333333333
10371,0.473333333333333
10372,0.396666666666667
10373,0.52
10374,0.306666666666667
10375,0.286666666666667
10376,0.506666666666667
10377,0.48
10378,0.43
10379,0.293333333333333
10380,0.363333333333333
10381,0.423333333333333
10382,0.423333333333333
10383,0.62
10384,0.456666666666667
10385,0.543333333333333
10386,0.386666666666667
10387,0.403333333333333
10388,0.29
10389,0.633333333333333
10390,0.383333333333333
10391,0.32
10392,0.3
10393,0.476666666666667
10394,0.466666666666667
10395,0.406666666666667
10396,0.343333333333333
10397,0.473333333333333
10398,0.613333333333333
10399,0.393333333333333
10400,0.366666666666667
10401,0.543333333333333
10402,0.373333333333333
10403,0.4
10404,0.48
10405,0.68
10406,0.44
10407,0.51
10408,0.48
10409,0.34
10410,0.486666666666667
10411,0.533333333333333
10412,0.39
10413,0.256666666666667
10414,0.606666666666667
10415,0.443333333333333
10416,0.396666666666667
10417,0.383333333333333
10418,0.756666666666667
10419,0.616666666666667
10420,0.403333333333333
10421,0.406666666666667
10422,0.536666666666667
10423,0.596666666666667
10424,0.53
10425,0.496666666666667
10426,0.553333333333333
10427,0.48
10428,0.533333333333333
10429,0.453333333333333
10430,0.38
10431,0.423333333333333
10432,0.416666666666667
10433,0.526666666666667
10434,0.32
10435,0.473333333333333
10436,0.35
10437,0.523333333333333
10438,0.213333333333333
10439,0.223333333333333
10440,0.456666666666667
10441,0.4
10442,0.493333333333333
10443,0.4
10444,0.58
10445,0.373333333333333
10446,0.466666666666667
10447,0.4
10448,0.516666666666667
10449,0.346666666666667
10450,0.67
10451,0.496666666666667
10452,0.576666666666667
10453,0.59
10454,0.56
10455,0.41
10456,0.63
10457,0.58
10458,0.543333333333333
10459,0.576666666666667
10460,0.666666666666667
10461,0.613333333333333
10462,0.496666666666667
10463,0.463333333333333
10464,0.453333333333333
10465,0.686666666666667
10466,0.523333333333333
10467,0.43
10468,0.536666666666667
10469,0.536666666666667
10470,0.666666666666667
10471,0.623333333333333
10472,0.483333333333333
10473,0.58
10474,0.636666666666667
10475,0.616666666666667
10476,0.673333333333333
10477,0.476666666666667
10478,0.606666666666667
10479,0.593333333333333
10480,0.543333333333333
10481,0.546666666666667
10482,0.553333333333333
10483,0.623333333333333
10484,0.54
10485,0.663333333333333
10486,0.5
10487,0.703333333333333
10488,0.57
10489,0.516666666666667
10490,0.49
10491,0.546666666666667
10492,0.336666666666667
10493,0.24
10494,0.393333333333333
10495,0.336666666666667
10496,0.456666666666667
10497,0.323333333333333
10498,0.33
10499,0.59
10500,0.58
10501,0.45
10502,0.54
10503,0.516666666666667
10504,0.41
10505,0.643333333333333
10506,0.403333333333333
10507,0.466666666666667
10508,0.433333333333333
10509,0.423333333333333
10510,0.426666666666667
10511,0.58
10512,0.386666666666667
10513,0.316666666666667
10514,0.413333333333333
10515,0.336666666666667
10516,0.5
10517,0.513333333333333
10518,0.686666666666667
10519,0.443333333333333
10520,0.416666666666667
10521,0.4
10522,0.516666666666667
10523,0.556666666666667
10524,0.516666666666667
10525,0.5
10526,0.263333333333333
10527,0.316666666666667
10528,0.4
10529,0.403333333333333
10530,0.126666666666667
10531,0.53
10532,0.426666666666667
10533,0.453333333333333
10534,0.426666666666667
10535,0.566666666666667
10536,0.546666666666667
10537,0.41
10538,0.426666666666667
10539,0.413333333333333
10540,0.386666666666667
10541,0.516666666666667
10542,0.243333333333333
10543,0.466666666666667
10544,0.393333333333333
10545,0.473333333333333
10546,0.526666666666667
10547,0.473333333333333
10548,0.563333333333333
10549,0.533333333333333
10550,0.553333333333333
10551,0.466666666666667
10552,0.546666666666667
10553,0.526666666666667
10554,0.596666666666667
10555,0.563333333333333
10556,0.5
10557,0.556666666666667
10558,0.483333333333333
10559,0.486666666666667
10560,0.34
10561,0.463333333333333
10562,0.276666666666667
10563,0.42
10564,0.45
10565,0.456666666666667
10566,0.403333333333333
10567,0.276666666666667
10568,0.4
10569,0.37
10570,0.35
10571,0.43
10572,0.246666666666667
10573,0.2
10574,0.253333333333333
10575,0.26
10576,0.29
10577,0.353333333333333
10578,0.326666666666667
10579,0.376666666666667
10580,0.43
10581,0.47
10582,0.583333333333333
10583,0.56
10584,0.413333333333333
10585,0.516666666666667
10586,0.51
10587,0.476666666666667
10588,0.423333333333333
10589,0.35
10590,0.466666666666667
10591,0.553333333333333
10592,0.333333333333333
10593,0.456666666666667
10594,0.313333333333333
10595,0.366666666666667
10596,0.466666666666667
10597,0.546666666666667
10598,0.38
10599,0.323333333333333
10600,0.37
10601,0.446666666666667
10602,0.57
10603,0.32
10604,0.41
10605,0.343333333333333
10606,0.473333333333333
10607,0.49
10608,0.563333333333333
10609,0.396666666666667
10610,0.563333333333333
10611,0.47
10612,0.483333333333333
10613,0.676666666666667
10614,0.513333333333333
10615,0.373333333333333
10616,0.396666666666667
10617,0.51
10618,0.463333333333333
10619,0.54
10620,0.413333333333333
10621,0.453333333333333
10622,0.456666666666667
10623,0.4
10624,0.65
10625,0.543333333333333
10626,0.353333333333333
10627,0.413333333333333
10628,0.44
10629,0.633333333333333
10630,0.403333333333333
10631,0.246666666666667
10632,0.396666666666667
10633,0.353333333333333
10634,0.386666666666667
10635,0.453333333333333
10636,0.263333333333333
10637,0.6
10638,0.61
10639,0.4
10640,0.443333333333333
10641,0.296666666666667
10642,0.26
10643,0.406666666666667
10644,0.44
10645,0.47
10646,0.376666666666667
10647,0.496666666666667
10648,0.31
10649,0.2
10650,0.49
10651,0.51
10652,0.38
10653,0.46
10654,0.423333333333333
10655,0.373333333333333
10656,0.42
10657,0.653333333333333
10658,0.566666666666667
10659,0.456666666666667
10660,0.483333333333333
10661,0.4
10662,0.436666666666667
10663,0.423333333333333
10664,0.476666666666667
10665,0.47
10666,0.49
10667,0.413333333333333
10668,0.323333333333333
10669,0.39
10670,0.506666666666667
10671,0.44
10672,0.64
10673,0.566666666666667
10674,0.433333333333333
10675,0.45
10676,0.433333333333333
10677,0.453333333333333
10678,0.466666666666667
10679,0.453333333333333
10680,0.463333333333333
10681,0.44
10682,0.466666666666667
10683,0.58
10684,0.453333333333333
10685,0.343333333333333
10686,0.516666666666667
10687,0.57
10688,0.42
10689,0.443333333333333
10690,0.48
10691,0.583333333333333
10692,0.346666666666667
10693,0.436666666666667
10694,0.413333333333333
10695,0.4
10696,0.433333333333333
10697,0.506666666666667
10698,0.43
10699,0.45
10700,0.53
10701,0.643333333333333
10702,0.556666666666667
10703,0.333333333333333
10704,0.43
10705,0.6
10706,0.476666666666667
10707,0.446666666666667
10708,0.66
10709,0.376666666666667
10710,0.463333333333333
10711,0.653333333333333
10712,0.573333333333333
10713,0.383333333333333
10714,0.656666666666667
10715,0.48
10716,0.576666666666667
10717,0.75
10718,0.6
10719,0.52
10720,0.666666666666667
10721,0.45
10722,0.543333333333333
10723,0.736666666666667
10724,0.663333333333333
10725,0.653333333333333
10726,0.61
10727,0.586666666666667
10728,0.743333333333333
10729,0.466666666666667
10730,0.48
10731,0.623333333333333
10732,0.46
10733,0.413333333333333
10734,0.72
10735,0.43
10736,0.506666666666667
10737,0.303333333333333
10738,0.623333333333333
10739,0.663333333333333
10740,0.603333333333333
10741,0.8
10742,0.57
10743,0.623333333333333
10744,0.496666666666667
10745,0.676666666666667
10746,0.653333333333333
10747,0.68
10748,0.483333333333333
10749,0.386666666666667
10750,0.826666666666667
10751,0.623333333333333
10752,0.5
10753,0.676666666666667
10754,0.546666666666667
10755,0.443333333333333
10756,0.483333333333333
10757,0.686666666666667
10758,0.536666666666667
10759,0.526666666666667
10760,0.313333333333333
10761,0.59
10762,0.5
10763,0.43
10764,0.636666666666667
10765,0.61
10766,0.636666666666667
10767,0.456666666666667
10768,0.656666666666667
10769,0.463333333333333
10770,0.6
10771,0.693333333333333
10772,0.483333333333333
10773,0.65
10774,0.603333333333333
10775,0.613333333333333
10776,0.77
10777,0.67
10778,0.493333333333333
10779,0.42
10780,0.496666666666667
10781,0.66
10782,0.623333333333333
10783,0.676666666666667
10784,0.47
10785,0.733333333333333
10786,0.62
10787,0.54
10788,0.96
10789,0.513333333333333
10790,0.776666666666667
10791,0.613333333333333
10792,0.423333333333333
10793,0.703333333333333
10794,0.513333333333333
10795,0.476666666666667
10796,0.383333333333333
10797,0.596666666666667
10798,0.62
10799,0.476666666666667
10800,0.486666666666667
10801,0.356666666666667
10802,0.5
10803,0.5
10804,0.373333333333333
10805,0.293333333333333
10806,0.2
10807,0.546666666666667
10808,0.45
10809,0.576666666666667
10810,0.52
10811,0.47
10812,0.413333333333333
10813,0.356666666666667
10814,0.586666666666667
10815,0.423333333333333
10816,0.453333333333333
10817,0.48
10818,0.363333333333333
10819,0.583333333333333
10820,0.45
10821,0.393333333333333
10822,0.386666666666667
10823,0.483333333333333
10824,0.396666666666667
10825,0.623333333333333
10826,0.546666666666667
10827,0.446666666666667
10828,0.416666666666667
10829,0.516666666666667
10830,0.476666666666667
10831,0.373333333333333
10832,0.393333333333333
10833,0.513333333333333
10834,0.586666666666667
10835,0.46
10836,0.4
10837,0.5
10838,0.346666666666667
10839,0.366666666666667
10840,0.51
10841,0.293333333333333
10842,0.5
10843,0.296666666666667
10844,0.31
10845,0.543333333333333
10846,0.543333333333333
10847,0.373333333333333
10848,0.37
10849,0.326666666666667
10850,0.466666666666667
10851,0.416666666666667
10852,0.356666666666667
10853,0.49
10854,0.54
10855,0.466666666666667
10856,0.286666666666667
10857,0.4
10858,0.526666666666667
10859,0.376666666666667
10860,0.59
10861,0.566666666666667
10862,0.316666666666667
10863,0.52
10864,0.483333333333333
10865,0.646666666666667
10866,0.373333333333333
10867,0.42
10868,0.503333333333333
10869,0.376666666666667
10870,0.583333333333333
10871,0.23
10872,0.393333333333333
10873,0.52
10874,0.276666666666667
10875,0.29
10876,0.566666666666667
10877,0.306666666666667
10878,0.39
10879,0.373333333333333
10880,0.403333333333333
10881,0.45
10882,0.39
10883,0.603333333333333
10884,0.466666666666667
10885,0.623333333333333
10886,0.58
10887,0.4
10888,0.373333333333333
10889,0.52
10890,0.38
10891,0.62
10892,0.336666666666667
10893,0.38
10894,0.58
10895,0.643333333333333
10896,0.55
10897,0.326666666666667
10898,0.493333333333333
10899,0.473333333333333
10900,0.616666666666667
10901,0.5
10902,0.366666666666667
10903,0.61
10904,0.53
10905,0.47
10906,0.54
10907,0.533333333333333
10908,0.463333333333333
10909,0.37
10910,0.45
10911,0.493333333333333
10912,0.44
10913,0.54
10914,0.276666666666667
10915,0.47
10916,0.3
10917,0.463333333333333
10918,0.583333333333333
10919,0.653333333333333
10920,0.67
10921,0.486666666666667
10922,0.463333333333333
10923,0.513333333333333
10924,0.66
10925,0.736666666666667
10926,0.406666666666667
10927,0.713333333333333
10928,0.76
10929,0.643333333333333
10930,0.52
10931,0.623333333333333
10932,0.313333333333333
10933,0.44
10934,0.65
10935,0.413333333333333
10936,0.553333333333333
10937,0.35
10938,0.466666666666667
10939,0.59
10940,0.556666666666667
10941,0.753333333333333
10942,0.616666666666667
10943,0.68
10944,0.346666666666667
10945,0.323333333333333
10946,0.59
10947,0.403333333333333
10948,0.523333333333333
10949,0.373333333333333
10950,0.873333333333333
10951,0.51
10952,0.57
10953,0.52
10954,0.613333333333333
10955,0.416666666666667
10956,0.376666666666667
10957,0.62
10958,0.39
10959,0.533333333333333
10960,0.3
10961,0.626666666666667
10962,0.476666666666667
10963,0.59
10964,0.583333333333333
10965,0.366666666666667
10966,0.543333333333333
10967,0.333333333333333
10968,0.4
10969,0.606666666666667
10970,0.373333333333333
10971,0.453333333333333
10972,0.373333333333333
10973,0.456666666666667
10974,0.413333333333333
10975,0.576666666666667
10976,0.503333333333333
10977,0.586666666666667
10978,0.53
10979,0.72
10980,0.46
10981,0.583333333333333
10982,0.66
10983,0.396666666666667
10984,0.56
10985,0.5
10986,0.463333333333333
10987,0.483333333333333
10988,0.536666666666667
10989,0.746666666666667
10990,0.553333333333333
10991,0.59
10992,0.54
10993,0.463333333333333
10994,0.633333333333333
10995,0.673333333333333
10996,0.446666666666667
10997,0.536666666666667
10998,0.706666666666667
10999,0.746666666666667
